073533417X,Puzzles
0979959330,Games
1603800859,Learning & Education
1933318465,Games
1933318732,Games
1933318996,Games
B00000J0HG,Arts & Crafts
B00004S7ZG,Games
B00005JS7E,Games
B00007G39I,Baby & Toddler Toys
B0000AP6EP,Puzzles
B0000AP6LD,Puzzles
B0001X0DR6,Electronics for Kids
B0002CYTXK,Games
B0002HR3L0,Puzzles
B0002HWFV8,Puzzles
B0002HWFBS,Puzzles
B0002Q2O9C,Arts & Crafts
B0007LDHWK,Puzzles
B0009QXXB8,Puzzles
B000B8L48S,Arts & Crafts
B000BTNQUQ,Electronics for Kids
B000E9BW18,Toy Remote Control & Play Vehicles
B000ETRENI,Electronics for Kids
B000F4ABNC,Toy Remote Control & Play Vehicles
B000FSIJ0K,Dolls & Accessories
B000G334Z4,Dolls & Accessories
B000GD3S4G,Games
B000GDDKLC,Sports & Outdoor Play
B000GUEXBG,Tricycles
B000HH6KFA,Hobbies
B000N40SDC,Sports & Outdoor Play
B000NSW0LQ,Sports & Outdoor Play
B000OC2W50,Toy Remote Control & Play Vehicles
B000SQTJJO,Toy Remote Control & Play Vehicles
B000XEAGMA,Action Figures & Statues
B000XFPIUE,Baby & Toddler Toys
B00112CHCK,Games
B0014411SG,Games
B001446E4W,Games
B001447IX8,Learning & Education
B00144J9ZI,Toy Remote Control & Play Vehicles
B0014X98FK,Toy Remote Control & Play Vehicles
B0015KVAEE,Games
B0015R6UXI,Action Figures & Statues
B00192MRTA,Toy Remote Control & Play Vehicles
B00199LDRA,Toy Remote Control & Play Vehicles
B0019GEU5K,Sports & Outdoor Play
B001CE0N5U,Baby & Toddler Toys
B001KCUC5U,Arts & Crafts
B001R6AFLK,Puzzles
B001VG7USC,Games
B001VNUYKG,Toy Remote Control & Play Vehicles
B001W9AM1K,Baby & Toddler Toys
B0026TJYY6,Baby & Toddler Toys
B002AHOY94,Dolls & Accessories
B002DHC6FA,Hobbies
B002JSM3KQ,Games
B002NPBT50,Puzzles
B002VBXPRQ,Toy Remote Control & Play Vehicles
B002YIV1AE,Building Toys
B00349MPQQ,Games
B0034N7OZO,Learning & Education
B0036RIMNQ,Games
B0036RMD5Y,Games
B0036RNWGI,Games
B003774W6Q,Sports & Outdoor Play
B0037BMCFU,Arts & Crafts
B00385X51U,Puzzles
B0038M5ILI,Games
B00393I2DM,Electronics for Kids
B00393I3IG,Stuffed Animals & Plush
B0039MIPQC,Dolls & Accessories
B0039X2THM,Action Figures & Statues
B0039X6XZG,Novelty & Gag Toys
B003A6AOOS,Dolls & Accessories
B003A6AL8C,Dolls & Accessories
B003A6GIKW,Games
B003A6GFRI,Dolls & Accessories
B003A6EKX4,Dolls & Accessories
B003AIM52A,Games
B003AJ7PGA,Arts & Crafts
B003B1TI58,Games
B003BLQG4O,Puzzles
B003CRCQLO,Action Figures & Statues
B003CRJU36,Electronics for Kids
B003CRJU0Y,Learning & Education
B003DZ1TAO,Games
B003F7YMG8,Building Toys
B003GXE6RQ,Building Toys
B003HC92N4,Toy Remote Control & Play Vehicles
B003HC8ZSW,Toy Remote Control & Play Vehicles
B003I85V00,Dress Up & Pretend Play
B003IRH9LU,Baby & Toddler Toys
B003JQT4Y0,Electronics for Kids
B003MGJTDI,Building Toys
B003P8FL1C,Arts & Crafts
B003P8IXTY,Arts & Crafts
B003P8KZ3Q,Arts & Crafts
B003R6H59I,Learning & Education
B003WE8TRC,Arts & Crafts
B0040GJZ92,Stuffed Animals & Plush
B0040GK7NK,Baby & Toddler Toys
B0040GK7MG,Baby & Toddler Toys
B0040GK7JY,Baby & Toddler Toys
B0040GJZAG,Stuffed Animals & Plush
B0040GJZ88,Stuffed Animals & Plush
B0040GK7IU,Baby & Toddler Toys
B0040GK7I0,Baby & Toddler Toys
B00416LP4E,Sports & Outdoor Play
B0041G2YN0,Games
B00421AGFW,Games
B00421AGP2,Games
B00421AGOS,Games
B00421AGJI,Games
B00421AGHA,Games
B00421AGOI,Games
B00421AGGG,Games
B00428LIX4,Electronics for Kids
B0042ES50M,Baby & Toddler Toys
B0042MAKAW,Electronics for Kids
B0043E0XJM,Toy Remote Control & Play Vehicles
B0043RS8D2,Electronics for Kids
B0043RS8CS,Electronics for Kids
B0044D4SD4,Toy Remote Control & Play Vehicles
B0044DARSY,Toy Remote Control & Play Vehicles
B0044DLMII,Toy Remote Control & Play Vehicles
B0045OV9IO,Games
B004781SW0,Games
B0047WZH0U,Learning & Education
B0048EKSLA,Novelty & Gag Toys
B00499CVBE,Action Figures & Statues
B0049ACJVA,Puzzles
B004BN1R90,Action Figures & Statues
B004D3A9AG,Games
B004DL164G,Puzzles
B004FH9FF0,Toy Remote Control & Play Vehicles
B004FPYL2O,Puzzles
B004I8V6ZS,Toy Remote Control & Play Vehicles
B004I8V6ZI,Toy Remote Control & Play Vehicles
B004I8V716,Toy Remote Control & Play Vehicles
B004I8V6Z8,Toy Remote Control & Play Vehicles
B004JXWTIU,Building Toys
B004KAASWG,Toy Remote Control & Play Vehicles
B004KZ8P2Q,Games
B004KZ597A,Games
B004KZCF0O,Games
B004KZ75JK,Games
B004LKRRBU,Dolls & Accessories
B004MTGOQE,Dolls & Accessories
B004MWJLFC,Electronics for Kids
B004MWJLN4,Electronics for Kids
B004O0TOJ0,Puzzles
B004O0TP3K,Puzzles
B004O0TP3U,Puzzles
B004O0TOJK,Puzzles
B004O0TOX6,Puzzles
B004O0TOK4,Puzzles
B004O0TOJA,Puzzles
B004OA7ZH8,Stuffed Animals & Plush
B004OA7ZHS,Stuffed Animals & Plush
B004OJK5XA,Games
B004ORT3OY,Electronics for Kids
B004ORWVQG,Toy Remote Control & Play Vehicles
B004ORV2WK,Baby & Toddler Toys
B004ORWXFA,Stuffed Animals & Plush
B004OS4HF8,Action Figures & Statues
B004ORV33S,Action Figures & Statues
B004ORWWP6,Action Figures & Statues
B004P90PIO,Dolls & Accessories
B004P9591C,Dress Up & Pretend Play
B004P972UI,Dolls & Accessories
B004P98QGC,Dolls & Accessories
B004P971L8,Dolls & Accessories
B004P971VI,Dolls & Accessories
B004P98QCQ,Arts & Crafts
B004P98R66,Dolls & Accessories
B004PBJFO2,Baby & Toddler Toys
B004PBLSQ0,Dress Up & Pretend Play
B004PHRXEU,Building Toys
B004PHTXW0,Building Toys
B004PHU8XI,Building Toys
B004PXR524,Building Toys
B004Q2Q0RU,Building Toys
B004QSX4RI,Toy Remote Control & Play Vehicles
B004R1ZUNA,Action Figures & Statues
B004S2M414,Games
B004S65XDG,Dolls & Accessories
B004S6A1QK,Action Figures & Statues
B004S6EBE8,Action Figures & Statues
B004S6EBIO,Novelty & Gag Toys
B004S6EAYY,Toy Remote Control & Play Vehicles
B004S6DWDY,Toy Remote Control & Play Vehicles
B004S6ECLU,Stuffed Animals & Plush
B004S6DV2G,Stuffed Animals & Plush
B004SGHLXQ,Action Figures & Statues
B004SGLDM6,Action Figures & Statues
B004SGS3OM,Action Figures & Statues
B004SGS9X2,Toy Remote Control & Play Vehicles
B004SGRW6C,Novelty & Gag Toys
B004SGS3B0,Action Figures & Statues
B004SGORBK,Action Figures & Statues
B004SKX8M0,Dress Up & Pretend Play
B004SL1HU4,Dress Up & Pretend Play
B004SKUUTY,Action Figures & Statues
B004SL1HVI,Dress Up & Pretend Play
B004SMX7YC,Dolls & Accessories
B004SN4OAW,Dolls & Accessories
B004SMXA5I,Dolls & Accessories
B004SN4T16,Dolls & Accessories
B004T1R75W,Dolls & Accessories
B004T32W2S,Toy Remote Control & Play Vehicles
B004TT6RD2,Dress Up & Pretend Play
B004TTGXCM,Dress Up & Pretend Play
B004U53A7Q,Games
B004U53AA8,Toy Remote Control & Play Vehicles
B004U5FRQI,Toy Remote Control & Play Vehicles
B004U5FW3Q,Toy Remote Control & Play Vehicles
B004UC4Q8Q,Games
B004UC4RVM,Games
B004UC4N1G,Games
B004UCBU6M,Games
B004UJI81U,Toy Remote Control & Play Vehicles
B004UTVVEG,Games
B004UU7AFE,Stuffed Animals & Plush
B004UU7AEK,Stuffed Animals & Plush
B004UU83IC,Dress Up & Pretend Play
B004UU9X5O,Toy Remote Control & Play Vehicles
B004UU9XG8,Dolls & Accessories
B004UUKMUE,Dolls & Accessories
B004V3GVP0,Toy Remote Control & Play Vehicles
B004VJNRKG,Electronics for Kids
B004VPQEAU,Games
B004W281XA,Games
B004X0I8DY,Games
B004Z1JW68,Arts & Crafts
B004Z1JSN0,Arts & Crafts
B004Z1JRO0,Arts & Crafts
B004Z1JUJ2,Arts & Crafts
B004Z3MLLY,Games
B004Z7H07K,Electronics for Kids
B004ZX141C,Stuffed Animals & Plush
B00508OOM2,Puzzles
B00508OOSG,Puzzles
B00508OLNY,Puzzles
B0050QQUS0,Dolls & Accessories
B0050QQQ2K,Dolls & Accessories
B0051MMFRS,Novelty & Gag Toys
B00531DHX8,Dolls & Accessories
B0053XZDGK,Action Figures & Statues
B00555TFC4,Electronics for Kids
B0055B7YLM,Building Toys
B005688T5E,Puzzles
B005717VUY,Tricycles
B0057QY0U8,Electronics for Kids
B0057QVRL8,Electronics for Kids
B0057QU1WY,Electronics for Kids
B0057QY0Z8,Electronics for Kids
B00590A6VY,Hobbies
B005AHICA8,Learning & Education
B005E7A216,Dress Up & Pretend Play
B005E7A202,Dress Up & Pretend Play
B005G2R3K2,Games
B005GOPU2S,Puzzles
B005GVBAUM,Sports & Outdoor Play
B005H29GSI,Games
B005LB9EUA,Toy Remote Control & Play Vehicles
B005LH6GM8,Learning & Education
B005N548KK,Dress Up & Pretend Play
B005N57CNU,Games
B005NM4ECA,Games
B005QZP964,Toy Remote Control & Play Vehicles
B005SDG6HU,Arts & Crafts
B005SZYFGC,Building Toys
B005UWYK22,Games
B0060Y240O,Sports & Outdoor Play
B0060Y271K,Sports & Outdoor Play
B0065YG1LW,Learning & Education
B006BLH7U8,Games
B006BLGBXC,Arts & Crafts
B006BLH4XI,Toy Remote Control & Play Vehicles
B006BMA1QE,Building Toys
B006BMM2WU,Stuffed Animals & Plush
B006BMM75W,Stuffed Animals & Plush
B006BMA0LK,Building Toys
B006CC0PEQ,Dolls & Accessories
B006CC0HR6,Games
B006CC0BT0,Dolls & Accessories
B006CBZW90,Action Figures & Statues
B006CC0TQ0,Dolls & Accessories
B006CD4118,Dolls & Accessories
B006CDBK30,Action Figures & Statues
B006O6EH4Y,Dolls & Accessories
B006O6FJ0A,Baby & Toddler Toys
B006O6FKDG,Toy Remote Control & Play Vehicles
B006O6F932,Dolls & Accessories
B006O6FMOI,Baby & Toddler Toys
B006O6FKG8,Baby & Toddler Toys
B006O7XOOW,Learning & Education
B006OA8UIY,Toy Remote Control & Play Vehicles
B006OG76Q0,Dolls & Accessories
B006OJM52C,Puzzles
B006OJM5OU,Puzzles
B006OJM5P4,Puzzles
B006OZJWY0,Puzzles
B006P135E6,Arts & Crafts
B006P135EQ,Arts & Crafts
B006PHU4F8,Building Toys
B006ROJIUG,Games
B006ROJJE6,Puzzles
B006ROJIAG,Games
B006ROJI10,Puzzles
B006ROJP5O,Puzzles
B006ROJIQU,Games
B006ROJJCS,Puzzles
B006ROJI9W,Puzzles
B006ROJI38,Puzzles
B006ROJLSU,Puzzles
B006ROJJ2I,Puzzles
B006ROJLFI,Puzzles
B006ROJIR4,Arts & Crafts
B006ROJQR6,Puzzles
B006ROJPD6,Puzzles
B006ROJQZS,Puzzles
B006ROJI06,Puzzles
B006ROJP7M,Puzzles
B006ROJLT4,Puzzles
B006ROJQTE,Puzzles
B006ROJQRG,Puzzles
B006ROJIBA,Puzzles
B006ROJM2K,Puzzles
B006ROJM2U,Puzzles
B006ROJQRQ,Puzzles
B006ROJNP6,Puzzles
B006V13Z54,Dolls & Accessories
B006WCN6XI,Baby & Toddler Toys
B006WCN6KQ,Arts & Crafts
B006WZLGXW,Dress Up & Pretend Play
B006YKE6D2,Games
B006Z0L5OO,Arts & Crafts
B0071V3B3E,Electronics for Kids
B00757D4V8,Arts & Crafts
B0075XNGGK,Games
B0077NCEX4,Dolls & Accessories
B0077NCEWA,Baby & Toddler Toys
B007ADICS2,Puzzles
B007ADIGVU,Puzzles
B007ADIBXS,Puzzles
B007ADIGRE,Dolls & Accessories
B007ADICI2,Puzzles
B007ADIC82,Puzzles
B007AIL1A8,Arts & Crafts
B007AR4ZA2,Action Figures & Statues
B007B4TEXM,Arts & Crafts
B007B7LTVY,Games
B007B7LT2S,Games
B007BEJQG2,Arts & Crafts
B007BSYAVY,Baby & Toddler Toys
B007CEK5MK,Toy Remote Control & Play Vehicles
B007CJJRVA,Learning & Education
B007DB2VZQ,Games
B007G3VBOI,Dress Up & Pretend Play
B007G3VAVC,Electronics for Kids
B007G84MLM,Arts & Crafts
B007G84MNK,Arts & Crafts
B007GE6UBG,Electronics for Kids
B007GE6VMO,Games
B007HZ9PZ2,Tricycles
B007HZ9S7C,Baby & Toddler Toys
B007J3F98O,Toy Remote Control & Play Vehicles
B007J3F98E,Learning & Education
B007J3F9IY,Action Figures & Statues
B007J3F9UC,Toy Remote Control & Play Vehicles
B007J3F9IE,Action Figures & Statues
B007J3FAJ2,Learning & Education
B007J3F9A2,Baby & Toddler Toys
B007J3F9W0,Action Figures & Statues
B007J3FBL4,Toy Remote Control & Play Vehicles
B007J3FBKU,Action Figures & Statues
B007J3F99S,Toy Remote Control & Play Vehicles
B007LL7N4C,Action Figures & Statues
B007Q7HWF6,Electronics for Kids
B007QNDWB8,Arts & Crafts
B007RM5DTC,Dolls & Accessories
B007RYE2V0,Building Toys
B007S3S81U,Building Toys
B007SM3582,Games
B007TMXXVA,Tricycles
B007U7LZOG,Electronics for Kids
B007U7M02C,Electronics for Kids
B007UE75PW,Toy Remote Control & Play Vehicles
B007X1835I,Arts & Crafts
B007X8ZZRU,Electronics for Kids
B007X909NY,Toy Remote Control & Play Vehicles
B007X904J8,Toy Remote Control & Play Vehicles
B007X90B46,Toy Remote Control & Play Vehicles
B007X93IZ0,Toy Remote Control & Play Vehicles
B007X93L34,Dress Up & Pretend Play
B007X9DRWO,Dress Up & Pretend Play
B007XPLI56,Arts & Crafts
B007XPLI38,Arts & Crafts
B007XVYO3I,Electronics for Kids
B007XVYTNS,Action Figures & Statues
B007XVYSYI,Action Figures & Statues
B007XVYSZW,Action Figures & Statues
B007XVYOM4,Electronics for Kids
B007Z8U7CG,Action Figures & Statues
B00804BDE0,Learning & Education
B00804BDCM,Electronics for Kids
B00804BDEU,Electronics for Kids
B00804BEB2,Learning & Education
B00804BDBI,Electronics for Kids
B0082K8RK0,Baby & Toddler Toys
B0083SSMEM,Arts & Crafts
B0083SSLWK,Arts & Crafts
B0083SSLRU,Arts & Crafts
B0083TXVW4,Action Figures & Statues
B0083TXX0E,Action Figures & Statues
B0083TXXZ4,Sports & Outdoor Play
B0083TXWMI,Arts & Crafts
B0083TXXE0,Arts & Crafts
B0083TXW6E,Games
B0083TXXTA,Games
B0083TXY08,Sports & Outdoor Play
B0083TXVLA,Sports & Outdoor Play
B0083TXZHU,Games
B0083TXWXC,Dress Up & Pretend Play
B0083UHC32,Action Figures & Statues
B0083V1IWM,Toy Remote Control & Play Vehicles
B00840L9O4,Dolls & Accessories
B00840LATI,Dolls & Accessories
B00840L9XK,Dolls & Accessories
B00840L9NU,Dolls & Accessories
B00840L9EY,Dolls & Accessories
B0084BPZES,Electronics for Kids
B00857SREQ,Building Toys
B00857SRU0,Building Toys
B00857SRSW,Building Toys
B00857SRVO,Building Toys
B00857SRIW,Building Toys
B00859GIQ8,Dolls & Accessories
B00859GJL2,Dolls & Accessories
B00859GJWQ,Dolls & Accessories
B00859GJZS,Dolls & Accessories
B0085CV2RU,Action Figures & Statues
B0085UA6YM,Action Figures & Statues
B0085UA8ZE,Novelty & Gag Toys
B0085UA9WQ,Dolls & Accessories
B0085UA7UA,Tricycles
B0085UA8ZO,Baby & Toddler Toys
B0085UA9VC,Dress Up & Pretend Play
B0085WX13I,Sports & Outdoor Play
B0086USOLS,Games
B0087HU37S,Building Toys
B0089RPUHO,Electronics for Kids
B0089RPUHE,Electronics for Kids
B008B66SBU,Dolls & Accessories
B008B68J30,Dolls & Accessories
B008B68IUY,Dolls & Accessories
B008B68J2G,Dolls & Accessories
B008B68J1C,Dolls & Accessories
B008B68J2Q,Dolls & Accessories
B008CNPIAE,Stuffed Animals & Plush
B008CNRIWA,Sports & Outdoor Play
B008CNPHWI,Stuffed Animals & Plush
B008CO91JC,Arts & Crafts
B008D9MT7W,Dolls & Accessories
B008D9MT68,Dolls & Accessories
B008DK94VU,Stuffed Animals & Plush
B008DKA3XI,Stuffed Animals & Plush
B008DS1M44,Electronics for Kids
B008EG7KS2,Dolls & Accessories
B008EG7KTQ,Dolls & Accessories
B008EG7KSM,Dolls & Accessories
B008GS8NSO,Games
B008HYGFEG,Electronics for Kids
B008HYGFGE,Electronics for Kids
B008HYGFJG,Electronics for Kids
B008HYGFIC,Stuffed Animals & Plush
B008IZH4JE,Toy Remote Control & Play Vehicles
B008KCQRPW,Baby & Toddler Toys
B008KGR1YO,Games
B008KGR2OI,Games
B008KGR356,Games
B008LQMESQ,Toy Remote Control & Play Vehicles
B008MJ62PI,Games
B008MTYW2I,Toy Remote Control & Play Vehicles
B008MTYWGE,Tricycles
B008MTYWNC,Tricycles
B008N6USL4,Action Figures & Statues
B008N6US3W,Electronics for Kids
B008OW9SLI,Games
B008RWVE76,Games
B008S8IKWQ,Puzzles
B0091P8K70,Learning & Education
B0096T8YBI,Dolls & Accessories
B0096T8YH2,Dolls & Accessories
B0096TKR04,Dolls & Accessories
B0096T8YD6,Building Toys
B00974C5LM,Toy Remote Control & Play Vehicles
B009AFNTCC,Arts & Crafts
B009B73M0S,Learning & Education
B009F7ORR6,Dolls & Accessories
B009F7OQ54,Games
B009F7OV5E,Dolls & Accessories
B009F7OT38,Dolls & Accessories
B009F7OXPC,Action Figures & Statues
B009F7OXCA,Learning & Education
B009F7OWYY,Dolls & Accessories
B009F7OS52,Dolls & Accessories
B009F7OUR8,Dolls & Accessories
B009F7OTHY,Dolls & Accessories
B009F7OWF8,Toy Remote Control & Play Vehicles
B009H0EFGE,Games
B009JGR4JQ,Games
B009NFCZVU,Sports & Outdoor Play
B009NFFZTO,Toy Remote Control & Play Vehicles
B009OLANMG,Building Toys
B009PLLF9K,Games
B009Q3JBCK,Puzzles
B009Q3JECW,Puzzles
B009Q3J99A,Puzzles
B009QZ30EI,Dolls & Accessories
B009QZ30FM,Dolls & Accessories
B009TN9OW4,Stuffed Animals & Plush
B009ZTUFP2,Sports & Outdoor Play
B00A88B16Q,Building Toys
B00A9JNR8E,Action Figures & Statues
B00AA7V1N8,Arts & Crafts
B00AASUNMC,Building Toys
B00ABA0ZNG,Games
B00ABY8340,Toy Remote Control & Play Vehicles
B00ABY8368,Toy Remote Control & Play Vehicles
B00ABY7VIE,Toy Remote Control & Play Vehicles
B00ABY8372,Toy Remote Control & Play Vehicles
B00AHAJGXK,Arts & Crafts
B00AHAJBQM,Arts & Crafts
B00AJCNO7A,Toy Remote Control & Play Vehicles
B00AJE1CY0,Baby & Toddler Toys
B00AMEINDA,Dolls & Accessories
B00ANKD7V6,Puzzles
B00ANLNU30,Learning & Education
B00ANLNU4Y,Learning & Education
B00ANLNU44,Learning & Education
B00AO0BQAY,Arts & Crafts
B00AOG41SW,Toy Remote Control & Play Vehicles
B00AOHDC5Y,Electronics for Kids
B00AOHDC6I,Electronics for Kids
B00ARQW1O0,Action Figures & Statues
B00ARQW1DQ,Toy Remote Control & Play Vehicles
B00ARQW0M8,Action Figures & Statues
B00ARQW0LY,Action Figures & Statues
B00ARQW1C2,Baby & Toddler Toys
B00ARQW1E0,Stuffed Animals & Plush
B00ARQW0X2,Building Toys
B00ARQW0Z0,Stuffed Animals & Plush
B00ARQW0NM,Action Figures & Statues
B00ARQW0N2,Sports & Outdoor Play
B00ARQW0YG,Dolls & Accessories
B00ARQW1MM,Games
B00ARSDSZY,Puzzles
B00ARSDZIE,Puzzles
B00ARWCFFO,Party Supplies
B00ATWSQR8,Games
B00ATWSQQ4,Games
B00ATWSRG8,Games
B00ATWSRDG,Games
B00ATWUE1O,Games
B00ATWUE2S,Games
B00ATWUBJ4,Electronics for Kids
B00ATWUBIU,Games
B00ATWUDGU,Dress Up & Pretend Play
B00AW6XYLE,Action Figures & Statues
B00AWNUHA8,Electronics for Kids
B00AWNUHB2,Electronics for Kids
B00AYDLM6Y,Electronics for Kids
B00B1D7CRE,Action Figures & Statues
B00B1D7ANK,Action Figures & Statues
B00B1Z6AQ6,Electronics for Kids
B00B1Z6EI0,Learning & Education
B00B1Z6EXU,Learning & Education
B00B1Z6FW0,Learning & Education
B00B1Z6FCU,Learning & Education
B00B1Z6F52,Learning & Education
B00B1Z6G1U,Games
B00B1Z6DRM,Games
B00B1Z6EPS,Electronics for Kids
B00B1Z6FKW,Learning & Education
B00B28IQ50,Games
B00B28GVLG,Games
B00B2AY0Q2,Dress Up & Pretend Play
B00B2AYLYS,Dress Up & Pretend Play
B00B2B0I62,Dress Up & Pretend Play
B00B2FNH8O,Learning & Education
B00B2HH10M,Action Figures & Statues
B00B6BR55U,Learning & Education
B00B99ET58,Games
B00B9FV05Y,Dress Up & Pretend Play
B00BBLI5CC,Games
B00BBLCYH4,Games
B00BD9AIUE,Learning & Education
B00BD9BXBM,Building Toys
B00BDMNCJK,Arts & Crafts
B00BDMN8JY,Arts & Crafts
B00BDMNBMI,Baby & Toddler Toys
B00BECOCL6,Learning & Education
B00BFREGZ2,Dolls & Accessories
B00BFRNQL2,Learning & Education
B00BFRNQOY,Learning & Education
B00BG8F0H8,Dress Up & Pretend Play
B00BG8F0IW,Sports & Outdoor Play
B00BHYVWOG,Baby & Toddler Toys
B00BIDJP2W,Action Figures & Statues
B00BJEYLOC,Building Toys
B00BM2V522,Baby & Toddler Toys
B00BN6QAWM,Learning & Education
B00BN6QAVI,Baby & Toddler Toys
B00BN6QAXQ,Toy Remote Control & Play Vehicles
B00BN7XKJM,Building Toys
B00BNQEVXM,Baby & Toddler Toys
B00BPBPXSW,Action Figures & Statues
B00BPIDPVC,Sports & Outdoor Play
B00BPRLGSW,Toy Remote Control & Play Vehicles
B00BQYQYHC,Baby & Toddler Toys
B00BQYQYKY,Toy Remote Control & Play Vehicles
B00BQYQY8Q,Baby & Toddler Toys
B00BQYQZZS,Action Figures & Statues
B00BQYQYMW,Action Figures & Statues
B00BQYR0KW,Learning & Education
B00BQYR0P2,Action Figures & Statues
B00BQYR110,Action Figures & Statues
B00BR3EMSA,Baby & Toddler Toys
B00BRCMYLI,Dress Up & Pretend Play
B00BRCMYPO,Puzzles
B00BRCN9TO,Electronics for Kids
B00BRCNAE8,Electronics for Kids
B00BRI99SS,Toy Remote Control & Play Vehicles
B00BTH2G3W,Arts & Crafts
B00BUM29XS,Toy Remote Control & Play Vehicles
B00BY8095I,Games
B00BYD5LVA,Games
B00BYD5JMG,Games
B00BYD5JLW,Games
B00BZ8KNDK,Games
B00C18BWYW,Dolls & Accessories
B00C18BXNC,Toy Remote Control & Play Vehicles
B00C1LU0VK,Dress Up & Pretend Play
B00C3WXKPA,Electronics for Kids
B00C4QVG7E,Action Figures & Statues
B00C58ICA0,Action Figures & Statues
B00C598PMO,Dolls & Accessories
B00C6BWA8Q,Baby & Toddler Toys
B00C6PRJ0G,Toy Remote Control & Play Vehicles
B00C6PSBE4,Dolls & Accessories
B00C6PV4QQ,Dolls & Accessories
B00C6PUQF6,Action Figures & Statues
B00C6PWHB2,Toy Remote Control & Play Vehicles
B00C6PY8D2,Dolls & Accessories
B00C6PXLMQ,Action Figures & Statues
B00C6PYGJ8,Dolls & Accessories
B00C6Q7MJI,Dolls & Accessories
B00C6PYQAM,Dolls & Accessories
B00C74HOME,Dolls & Accessories
B00C74HRSA,Dolls & Accessories
B00C74I9P0,Dolls & Accessories
B00C74I9V4,Games
B00C74HWVC,Games
B00C7VQ48M,Learning & Education
B00C81LYH2,Dolls & Accessories
B00CANHVUC,Action Figures & Statues
B00CANI9VM,Dolls & Accessories
B00CCIKII2,Baby & Toddler Toys
B00CDGA68U,Action Figures & Statues
B00CDGA69Y,Action Figures & Statues
B00CDGA6A8,Baby & Toddler Toys
B00CDGV5UI,Action Figures & Statues
B00CEMC30C,Building Toys
B00CFAA6FM,Arts & Crafts
B00CFAA6IY,Arts & Crafts
B00CFNSHMS,Dolls & Accessories
B00CFOD6OQ,Building Toys
B00CFWWD6U,Action Figures & Statues
B00CG0CL1S,Electronics for Kids
B00CG0CKVE,Electronics for Kids
B00CG0CKXW,Electronics for Kids
B00CI6J8KW,Arts & Crafts
B00CI6J20S,Arts & Crafts
B00CI6J3HA,Arts & Crafts
B00CI6JB7C,Arts & Crafts
B00CI6J1XG,Arts & Crafts
B00CI6J5JQ,Arts & Crafts
B00CI6J3I4,Arts & Crafts
B00CI6J3QG,Arts & Crafts
B00CI6J1ZO,Arts & Crafts
B00CI6JDIY,Arts & Crafts
B00CI6JDIO,Arts & Crafts
B00CI6J6UY,Building Toys
B00CI6JDGQ,Arts & Crafts
B00CI6JDO8,Arts & Crafts
B00CI6J8L6,Puzzles
B00CIUUSDY,Toy Remote Control & Play Vehicles
B00CIUURJE,Hobbies
B00CJHZRW8,Building Toys
B00CJO9038,Dress Up & Pretend Play
B00CJO8ZZM,Baby & Toddler Toys
B00CJO8ZZW,Baby & Toddler Toys
B00CJO90ZG,Toy Remote Control & Play Vehicles
B00CJO902E,Dolls & Accessories
B00CKH9FAC,Dolls & Accessories
B00CKH9IIQ,Dolls & Accessories
B00CKH9URU,Action Figures & Statues
B00CKH9SEK,Dolls & Accessories
B00CKH9URK,Toy Remote Control & Play Vehicles
B00CKH9SQS,Toy Remote Control & Play Vehicles
B00CKH9UQQ,Toy Remote Control & Play Vehicles
B00CKH9I1I,Dress Up & Pretend Play
B00CKH9QWO,Toy Remote Control & Play Vehicles
B00CKH9NTU,Action Figures & Statues
B00CKH9QRE,Toy Remote Control & Play Vehicles
B00CKH9NS6,Toy Remote Control & Play Vehicles
B00CM75VXA,Games
B00CM97CEY,Games
B00CMNX7U8,Electronics for Kids
B00CMNX8WA,Electronics for Kids
B00CMNX906,Electronics for Kids
B00CNNPPV6,Party Supplies
B00COEIFM0,Dolls & Accessories
B00CP4J7OY,Electronics for Kids
B00CPHX6YI,Dress Up & Pretend Play
B00CPHX75G,Arts & Crafts
B00CPHGFO6,Games
B00CPNKPG4,Building Toys
B00CPNLXRE,Building Toys
B00CPNLECI,Building Toys
B00CRZXSH8,Electronics for Kids
B00CRZXS82,Electronics for Kids
B00CRZXV16,Electronics for Kids
B00CRZXSGE,Electronics for Kids
B00CRZXUZI,Electronics for Kids
B00CRZXV2A,Electronics for Kids
B00CS1WD9A,Electronics for Kids
B00CTJOL32,Building Toys
B00CTJOGOG,Building Toys
B00CTJOCKY,Toy Remote Control & Play Vehicles
B00CTUEPV4,Building Toys
B00CTUEQ68,Building Toys
B00CTUFWA2,Building Toys
B00CU65FOI,Baby & Toddler Toys
B00CUDE2G8,Dolls & Accessories
B00CUDE2LS,Dolls & Accessories
B00CUDE2EK,Dolls & Accessories
B00CV5PN18,Arts & Crafts
B00CV5PN1I,Arts & Crafts
B00CW5M6EE,Building Toys
B00CXLQI3W,Action Figures & Statues
B00CXVNXEO,Tricycles
B00D38UBJ6,Electronics for Kids
B00D4NJSA8,Games
B00D9LWJTC,Games
B00DECZ5AQ,Games
B00DECZ5D8,Games
B00DELN6F8,Puzzles
B00DELN680,Dress Up & Pretend Play
B00DI2CNKC,Sports & Outdoor Play
B00DLUE890,Sports & Outdoor Play
B00DLUE8DQ,Sports & Outdoor Play
B00DQRV698,Learning & Education
B00DR2VOJO,Toy Remote Control & Play Vehicles
B00DVSZUXK,Arts & Crafts
B00E18S0J0,Dolls & Accessories
B00E1EFHBI,Toy Remote Control & Play Vehicles
B00E5UKNCQ,Tricycles
B00E5UP64Q,Tricycles
B00EAHY1QS,Sports & Outdoor Play
B00EAHXPAG,Dress Up & Pretend Play
B00EAHXYDO,Sports & Outdoor Play
B00EAHXYPC,Sports & Outdoor Play
B00EAHXOWA,Dress Up & Pretend Play
B00EAHXN6M,Dress Up & Pretend Play
B00EB4C5FO,Arts & Crafts
B00EB8G5PQ,Sports & Outdoor Play
B00EC901O0,Games
B00ECV4DD8,Action Figures & Statues
B00ECV4DNS,Action Figures & Statues
B00ECV4DBA,Action Figures & Statues
B00ECV4YRS,Stuffed Animals & Plush
B00ECV5KSU,Sports & Outdoor Play
B00ECWSL0I,Learning & Education
B00EDBY8BO,Dolls & Accessories
B00EDBYB4S,Action Figures & Statues
B00EDBYHRO,Dolls & Accessories
B00EDBZ9IA,Games
B00EDBZ3JU,Action Figures & Statues
B00EDBYHQK,Action Figures & Statues
B00EDBZ0L6,Action Figures & Statues
B00EDBZ58E,Arts & Crafts
B00EDBYHRE,Stuffed Animals & Plush
B00EDBZ9KI,Learning & Education
B00EDBYHPQ,Dolls & Accessories
B00EDBYKOO,Dress Up & Pretend Play
B00ERK40NW,Dolls & Accessories
B00ERK27SC,Dolls & Accessories
B00EVQJ4W4,Dress Up & Pretend Play
B00EVTF3OO,Dolls & Accessories
B00EW3GLLS,Tricycles
B00EY2706C,Learning & Education
B00EZIXA78,Tricycles
B00F3LV89S,Arts & Crafts
B00F5Y4AKC,Dolls & Accessories
B00F5Y4AH0,Dolls & Accessories
B00F6N0G50,Baby & Toddler Toys
B00F6N0MGI,Toy Remote Control & Play Vehicles
B00F6N0MB8,Baby & Toddler Toys
B00F6N0CY0,Baby & Toddler Toys
B00FAQVY5E,Toy Remote Control & Play Vehicles
B00FAQVY4U,Action Figures & Statues
B00FAQVVVQ,Action Figures & Statues
B00FAQW0NO,Toy Remote Control & Play Vehicles
B00FAQW0MK,Toy Remote Control & Play Vehicles
B00FAQVVWA,Action Figures & Statues
B00FAQVY40,Action Figures & Statues
B00FAQVVUC,Action Figures & Statues
B00FAQW0N4,Action Figures & Statues
B00FAQW0PC,Action Figures & Statues
B00FAQVY5O,Games
B00FBW8ZIQ,Dolls & Accessories
B00FBW8EQ4,Dress Up & Pretend Play
B00FBW4QTI,Dolls & Accessories
B00FBWFVK6,Dolls & Accessories
B00FBW8NMO,Dress Up & Pretend Play
B00FF5I5MU,Action Figures & Statues
B00FG1U7FQ,Games
B00FHB2XB6,Dolls & Accessories
B00FNM35A2,Games
B00FQVVNT0,Action Figures & Statues
B00FY2P7IY,Arts & Crafts
B00FZMDAL4,Learning & Education
B00G69QBA2,Action Figures & Statues
B00G69QG66,Action Figures & Statues
B00G6MWM1Q,Hobbies
B00GSXJIMO,Electronics for Kids
B00GTCKNYQ,Electronics for Kids
B00GXM6HVK,Building Toys
B00H4OKN84,Games
B00H5HFERA,Electronics for Kids
B00HAKYULS,Action Figures & Statues
B00IGNWZCY,Arts & Crafts
B00IGNWZC4,Arts & Crafts
B00IM8W12M,Action Figures & Statues
B00IQ8MVH8,Games
B00IVFCGKS,Dolls & Accessories
B00IVFCCMA,Dress Up & Pretend Play
B00IVFCGIA,Dolls & Accessories
B00IVFC6QC,Toy Remote Control & Play Vehicles
B00IVP13NO,Dolls & Accessories
B00J49UTW2,Toy Remote Control & Play Vehicles
B00J49UTWC,Baby & Toddler Toys
